rcp,horizonte,mes,razaoP
RCP2.6,2021-2040,1,0.9907
RCP2.6,2021-2040,2,0.9925
RCP2.6,2021-2040,3,0.9976
RCP2.6,2021-2040,4,0.984
RCP2.6,2021-2040,5,0.9594
RCP2.6,2021-2040,6,0.9828
RCP2.6,2021-2040,7,0.9664
RCP2.6,2021-2040,8,0.9736
RCP2.6,2021-2040,9,0.9314
RCP2.6,2021-2040,10,0.9286
RCP2.6,2021-2040,11,0.9715
RCP2.6,2021-2040,12,1.0068
RCP2.6,2041-2060,1,1.0084
RCP2.6,2041-2060,2,1.006
RCP2.6,2041-2060,3,1.0195
RCP2.6,2041-2060,4,0.9814
RCP2.6,2041-2060,5,0.9666
RCP2.6,2041-2060,6,0.9466
RCP2.6,2041-2060,7,0.9151
RCP2.6,2041-2060,8,0.9208
RCP2.6,2041-2060,9,0.8819
RCP2.6,2041-2060,10,0.8789
RCP2.6,2041-2060,11,0.8928
RCP2.6,2041-2060,12,0.9949
RCP2.6,2081-2100,1,1.0028
RCP2.6,2081-2100,2,1.0032
RCP2.6,2081-2100,3,1.0009
RCP2.6,2081-2100,4,0.9744
RCP2.6,2081-2100,5,0.9429
RCP2.6,2081-2100,6,0.9273
RCP2.6,2081-2100,7,0.8926
RCP2.6,2081-2100,8,0.8879
RCP2.6,2081-2100,9,0.8311
RCP2.6,2081-2100,10,0.8501
RCP2.6,2081-2100,11,0.9046
RCP2.6,2081-2100,12,0.9928
RCP4.5,2021-2040,1,0.987
RCP4.5,2021-2040,2,0.9895
RCP4.5,2021-2040,3,0.9967
RCP4.5,2021-2040,4,0.9776
RCP4.5,2021-2040,5,0.9431
RCP4.5,2021-2040,6,0.9759
RCP4.5,2021-2040,7,0.953
RCP4.5,2021-2040,8,0.9631
RCP4.5,2021-2040,9,0.9039
RCP4.5,2021-2040,10,0.9
RCP4.5,2021-2040,11,0.9601
RCP4.5,2021-2040,12,1.0095
RCP4.5,2041-2060,1,1.0118
RCP4.5,2041-2060,2,1.0084
RCP4.5,2041-2060,3,1.0273
RCP4.5,2041-2060,4,0.9739
RCP4.5,2041-2060,5,0.9532
RCP4.5,2041-2060,6,0.9253
RCP4.5,2041-2060,7,0.8811
RCP4.5,2041-2060,8,0.8891
RCP4.5,2041-2060,9,0.8347
RCP4.5,2041-2060,10,0.8304
RCP4.5,2041-2060,11,0.8499
RCP4.5,2041-2060,12,0.9928
RCP4.5,2081-2100,1,1.005
RCP4.5,2081-2100,2,1.0057
RCP4.5,2081-2100,3,1.0017
RCP4.5,2081-2100,4,0.954
RCP4.5,2081-2100,5,0.8972
RCP4.5,2081-2100,6,0.8691
RCP4.5,2081-2100,7,0.8067
RCP4.5,2081-2100,8,0.7983
RCP4.5,2081-2100,9,0.6959
RCP4.5,2081-2100,10,0.7302
RCP4.5,2081-2100,11,0.8283
RCP4.5,2081-2100,12,0.987
RCP8.5,2021-2040,1,0.9854
RCP8.5,2021-2040,2,0.9966
RCP8.5,2021-2040,3,1.0238
RCP8.5,2021-2040,4,1.0183
RCP8.5,2021-2040,5,1.0008
RCP8.5,2021-2040,6,0.945
RCP8.5,2021-2040,7,0.9258
RCP8.5,2021-2040,8,0.9517
RCP8.5,2021-2040,9,0.9383
RCP8.5,2021-2040,10,0.9617
RCP8.5,2021-2040,11,0.9454
RCP8.5,2021-2040,12,1.012
RCP8.5,2041-2060,1,1.0321
RCP8.5,2041-2060,2,1.0502
RCP8.5,2041-2060,3,1.0095
RCP8.5,2041-2060,4,1.0641
RCP8.5,2041-2060,5,0.9638
RCP8.5,2041-2060,6,0.876
RCP8.5,2041-2060,7,0.8395
RCP8.5,2041-2060,8,0.8317
RCP8.5,2041-2060,9,0.7604
RCP8.5,2041-2060,10,0.8147
RCP8.5,2041-2060,11,0.9082
RCP8.5,2041-2060,12,0.9953
RCP8.5,2081-2100,1,1.0481
RCP8.5,2081-2100,2,1.054
RCP8.5,2081-2100,3,1.0582
RCP8.5,2081-2100,4,1.0176
RCP8.5,2081-2100,5,0.9089
RCP8.5,2081-2100,6,0.7321
RCP8.5,2081-2100,7,0.6072
RCP8.5,2081-2100,8,0.6352
RCP8.5,2081-2100,9,0.493
RCP8.5,2081-2100,10,0.6107
RCP8.5,2081-2100,11,0.7446
RCP8.5,2081-2100,12,0.9884
