rcp,horizonte,mes,dT
RCP2.6,2021-2040,1,0.196
RCP2.6,2021-2040,2,0.191
RCP2.6,2021-2040,3,0.224
RCP2.6,2021-2040,4,0.217
RCP2.6,2021-2040,5,0.218
RCP2.6,2021-2040,6,0.268
RCP2.6,2021-2040,7,0.288
RCP2.6,2021-2040,8,0.251
RCP2.6,2021-2040,9,0.261
RCP2.6,2021-2040,10,0.293
RCP2.6,2021-2040,11,0.296
RCP2.6,2021-2040,12,0.218
RCP2.6,2041-2060,1,0.544
RCP2.6,2041-2060,2,0.512
RCP2.6,2041-2060,3,0.546
RCP2.6,2041-2060,4,0.592
RCP2.6,2041-2060,5,0.614
RCP2.6,2041-2060,6,0.659
RCP2.6,2041-2060,7,0.648
RCP2.6,2041-2060,8,0.615
RCP2.6,2041-2060,9,0.676
RCP2.6,2041-2060,10,0.691
RCP2.6,2041-2060,11,0.791
RCP2.6,2041-2060,12,0.672
RCP2.6,2081-2100,1,0.745
RCP2.6,2081-2100,2,0.704
RCP2.6,2081-2100,3,0.75
RCP2.6,2081-2100,4,0.794
RCP2.6,2081-2100,5,0.815
RCP2.6,2081-2100,6,0.849
RCP2.6,2081-2100,7,0.826
RCP2.6,2081-2100,8,0.768
RCP2.6,2081-2100,9,0.84
RCP2.6,2081-2100,10,0.901
RCP2.6,2081-2100,11,0.972
RCP2.6,2081-2100,12,0.823
RCP4.5,2021-2040,1,0.275
RCP4.5,2021-2040,2,0.267
RCP4.5,2021-2040,3,0.313
RCP4.5,2021-2040,4,0.304
RCP4.5,2021-2040,5,0.305
RCP4.5,2021-2040,6,0.375
RCP4.5,2021-2040,7,0.403
RCP4.5,2021-2040,8,0.352
RCP4.5,2021-2040,9,0.366
RCP4.5,2021-2040,10,0.41
RCP4.5,2021-2040,11,0.414
RCP4.5,2021-2040,12,0.305
RCP4.5,2041-2060,1,0.762
RCP4.5,2041-2060,2,0.717
RCP4.5,2041-2060,3,0.764
RCP4.5,2041-2060,4,0.829
RCP4.5,2041-2060,5,0.86
RCP4.5,2041-2060,6,0.923
RCP4.5,2041-2060,7,0.907
RCP4.5,2041-2060,8,0.861
RCP4.5,2041-2060,9,0.947
RCP4.5,2041-2060,10,0.967
RCP4.5,2041-2060,11,1.107
RCP4.5,2041-2060,12,0.941
RCP4.5,2081-2100,1,1.341
RCP4.5,2081-2100,2,1.268
RCP4.5,2081-2100,3,1.35
RCP4.5,2081-2100,4,1.43
RCP4.5,2081-2100,5,1.467
RCP4.5,2081-2100,6,1.528
RCP4.5,2081-2100,7,1.487
RCP4.5,2081-2100,8,1.382
RCP4.5,2081-2100,9,1.512
RCP4.5,2081-2100,10,1.622
RCP4.5,2081-2100,11,1.749
RCP4.5,2081-2100,12,1.482
RCP8.5,2021-2040,1,0.363
RCP8.5,2021-2040,2,0.391
RCP8.5,2021-2040,3,0.341
RCP8.5,2021-2040,4,0.387
RCP8.5,2021-2040,5,0.44
RCP8.5,2021-2040,6,0.433
RCP8.5,2021-2040,7,0.37
RCP8.5,2021-2040,8,0.358
RCP8.5,2021-2040,9,0.351
RCP8.5,2021-2040,10,0.395
RCP8.5,2021-2040,11,0.441
RCP8.5,2021-2040,12,0.345
RCP8.5,2041-2060,1,1.189
RCP8.5,2041-2060,2,1.136
RCP8.5,2041-2060,3,1.161
RCP8.5,2041-2060,4,1.226
RCP8.5,2041-2060,5,1.351
RCP8.5,2041-2060,6,1.346
RCP8.5,2041-2060,7,1.255
RCP8.5,2041-2060,8,1.271
RCP8.5,2041-2060,9,1.257
RCP8.5,2041-2060,10,1.454
RCP8.5,2041-2060,11,1.54
RCP8.5,2041-2060,12,1.317
RCP8.5,2081-2100,1,3.353
RCP8.5,2081-2100,2,3.307
RCP8.5,2081-2100,3,3.258
RCP8.5,2081-2100,4,3.458
RCP8.5,2081-2100,5,3.732
RCP8.5,2081-2100,6,3.815
RCP8.5,2081-2100,7,3.646
RCP8.5,2081-2100,8,3.562
RCP8.5,2081-2100,9,3.612
RCP8.5,2081-2100,10,3.859
RCP8.5,2081-2100,11,4.125
RCP8.5,2081-2100,12,3.7
