cenario,horizonte,etp,ia_medio,area_Hiperárido_km2,area_Árido_km2,area_Semiárido_km2,area_Subúmido seco_km2,area_Úmido e subúmido úmido_km2,area_suscetivel_km2
Referencia,2015-2025,classica,0.779,0.0,0.0,78253.495,152276.899,489776.251,230530.394
Referencia,2015-2025,co2,0.784,0.0,0.0,75207.198,149196.396,495903.051,224403.594
RCP2.6,2021-2040,classica,0.764,0.0,0.0,91973.568,145426.032,482907.045,237399.6
RCP2.6,2021-2040,co2,0.77,0.0,0.0,84348.789,149994.413,485963.443,234343.202
RCP2.6,2041-2060,classica,0.752,0.0,0.0,98054.077,149268.157,472984.411,247322.234
RCP2.6,2041-2060,co2,0.758,0.0,0.0,95768.779,145471.891,479065.975,241240.67
RCP2.6,2081-2100,classica,0.743,0.0,0.0,104167.573,150069.099,466069.973,254236.672
RCP2.6,2081-2100,co2,0.748,0.0,0.0,98818.784,151576.483,469911.377,250395.268
RCP4.5,2021-2040,classica,0.758,0.0,0.0,95011.548,146229.122,479065.975,241240.67
RCP4.5,2021-2040,co2,0.764,0.0,0.0,90453.541,147714.16,482138.944,238167.701
RCP4.5,2041-2060,classica,0.741,0.0,0.0,107203.032,147794.24,465309.373,254997.272
RCP4.5,2041-2060,co2,0.749,0.0,0.0,101099.207,148525.282,470682.157,249624.488
RCP4.5,2081-2100,classica,0.715,0.0,0.0,120094.879,147940.427,452271.339,268035.306
RCP4.5,2081-2100,co2,0.724,0.0,0.0,114806.182,147844.917,457655.546,262651.1
RCP8.5,2021-2040,classica,0.768,0.0,0.0,88153.732,149245.867,482907.045,237399.6
RCP8.5,2021-2040,co2,0.775,0.0,0.0,80540.763,149973.328,489792.554,230514.091
RCP8.5,2041-2060,classica,0.752,0.0,0.0,97288.327,149263.127,473755.191,246551.454
RCP8.5,2041-2060,co2,0.762,0.0,0.0,92717.543,144676.624,482912.478,237394.167
RCP8.5,2081-2100,classica,0.688,0.0,0.0,142089.333,150451.661,427765.651,292540.994
RCP8.5,2081-2100,co2,0.708,0.0,0.0,122371.485,148734.174,449200.987,271105.658
