termo,x,efeito,li,ls
xco2_fundo,398.72959803074383,0.026331704788856693,0.024560413644817574,0.02810299593289581
xco2_fundo,398.9747803643797,0.02529249153257071,0.023428535074364883,0.027156447990776537
xco2_fundo,399.2199626980155,0.024419863338306657,0.022458319244146208,0.026381407432467106
xco2_fundo,399.46514503165133,0.023703015012047128,0.02164985335836393,0.025756176665730327
xco2_fundo,399.7103273652872,0.02313114135977533,0.020998488276768548,0.02526379444278211
xco2_fundo,399.955509698923,0.022693437187474345,0.020496471123820414,0.024890403251128276
xco2_fundo,400.20069203255883,0.022379097301126968,0.020134072306975545,0.02462412229527839
xco2_fundo,400.4458743661947,0.022177316506716307,0.019900306772488795,0.02445432624094382
xco2_fundo,400.6910566998305,0.022077289610225367,0.01978338859354814,0.024371190626902593
xco2_fundo,400.93623903346634,0.022068211417637082,0.019771022156806848,0.024365400678467316
xco2_fundo,401.1814213671022,0.0221392767349345,0.01985059589659966,0.024427957573269342
xco2_fundo,401.42660370073804,0.022279680368100595,0.020009318699539126,0.024550042036662063
xco2_fundo,401.67178603437384,0.02247861712311832,0.02023432295599997,0.02472291129023667
xco2_fundo,401.9169683680097,0.02272528180597076,0.020512748190855676,0.024937815421085842
xco2_fundo,402.16215070164554,0.023008869222640855,0.02083181257699272,0.02518592586828899
xco2_fundo,402.40733303528134,0.023318574179111536,0.02117887477356571,0.025458273584657364
xco2_fundo,402.6525153689172,0.02364359148136594,0.02154148458179881,0.025745698380933067
xco2_fundo,402.89769770255305,0.023973115935386983,0.02190741760754124,0.026038814263232724
xco2_fundo,403.14288003618884,0.024296342347157593,0.022264686622048824,0.02632799807226636
xco2_fundo,403.3880623698247,0.024602465522660908,0.022601521020767117,0.0266034100245547
xco2_fundo,403.63324470346055,0.024881097854188117,0.022906766621354234,0.026855429087022
xco2_fundo,403.87842703709634,0.0251290810834002,0.023177265491268344,0.027080896675532058
xco2_fundo,404.1236093707322,0.02534937083685426,0.023416438478805836,0.02728230319490268
xco2_fundo,404.36879170436805,0.02554511526854785,0.023627732196274228,0.027462498340821474
xco2_fundo,404.61397403800385,0.02571946253247858,0.023814449820040367,0.027624475244916794
xco2_fundo,404.8591563716397,0.025875560782644143,0.023979795644056643,0.027771325921231643
xco2_fundo,405.10433870527555,0.02601655817304214,0.02412691823153227,0.027906198114552007
xco2_fundo,405.3495210389114,0.0261456028576702,0.02425895045617883,0.02803225525916157
xco2_fundo,405.5947033725472,0.026265842990525916,0.024379044912750666,0.028152641068301166
xco2_fundo,405.83988570618305,0.026380426725606983,0.0244904033607422,0.028270450090471765
xco2_fundo,406.0850680398189,0.026492502216911,0.02459629912997894,0.028388705303843062
xco2_fundo,406.3302503734547,0.02660521761843558,0.0247000918006429,0.028510343436228262
xco2_fundo,406.57543270709056,0.026721721084178387,0.024805233953270407,0.028638208215086367
xco2_fundo,406.8206150407264,0.026845160768137043,0.024915270297311394,0.028775051238962693
xco2_fundo,407.0657973743622,0.02697868482430913,0.025033829936669683,0.028923539711948578
xco2_fundo,407.31097970799806,0.027125441406692364,0.025164612831912153,0.029086269981472575
xco2_fundo,407.5561620416339,0.027288578669284316,0.02531137162007535,0.02926578571849328
xco2_fundo,407.8013443752697,0.0274712447660826,0.02547788984715133,0.02946459968501387
xco2_fundo,408.04652670890556,0.0276765878510849,0.025667957386532617,0.029685218315637182
xco2_fundo,408.2917090425414,0.02790775607828884,0.02588534341142583,0.02993016874515185
xco2_fundo,408.5368913761772,0.028167828061021104,0.026133690518821015,0.030201965603221193
xco2_fundo,408.78207370981306,0.028457304975589112,0.026413732649715266,0.030500877301462958
xco2_fundo,409.0272560434489,0.02877341091476831,0.02672251954813026,0.030824302281406358
xco2_fundo,409.27243837708477,0.029113157966551197,0.027056805897661716,0.03116951003544068
xco2_fundo,409.51762071072056,0.029473558218930173,0.02741331348496906,0.031533802952891286
xco2_fundo,409.7628030443564,0.029851623759897923,0.02778875640379771,0.03191449111599814
xco2_fundo,410.00798537799227,0.03024436667744686,0.028179862422220352,0.032308870932673366
xco2_fundo,410.25316771162807,0.030648799059569385,0.028583390865241053,0.03271420725389772
xco2_fundo,410.4983500452639,0.031061932994258187,0.028996147151806345,0.03312771883671003
xco2_fundo,410.7435323788998,0.031480780569505686,0.02941499397871779,0.03354656716029358
xco2_fundo,410.98871471253557,0.031902353873304264,0.029836859064713457,0.03396784868189507
xco2_fundo,411.2338970461714,0.03232366499364664,0.030258739349661973,0.034388590637631306
xco2_fundo,411.4790793798073,0.032741726018525194,0.030677701572950692,0.0348057504640997
xco2_fundo,411.72426171344307,0.03315354903593235,0.031090879212206768,0.035216218859657936
xco2_fundo,411.9694440470789,0.033556146133860786,0.03149546582502347,0.0356168264426981
xco2_fundo,412.2146263807148,0.03394652940030292,0.03188870487826177,0.036004353922344065
xco2_fundo,412.4598087143506,0.03432171092325115,0.03226787615034452,0.03637554569615777
xco2_fundo,412.7049910479864,0.03467870279069816,0.03263027873577182,0.0367271268456245
xco2_fundo,412.9501733816223,0.035014517090636375,0.032973210558855735,0.037055823622417015
xco2_fundo,413.19535571525813,0.03532616591105827,0.03329394411390085,0.03735838770821569
xco2_fundo,413.4405380488939,0.03561067527710243,0.033589710224011464,0.0376316403301934
xco2_fundo,413.6857203825298,0.03586672203431064,0.033859114901955326,0.03787432916666596
xco2_fundo,413.93090271616563,0.03609617020925105,0.034103493159606355,0.03808884725889575
xco2_fundo,414.17608504980143,0.03630124738325472,0.034324441202029626,0.038278053564479816
xco2_fundo,414.4212673834373,0.03648418113765282,0.034523526482899476,0.03844483579240616
xco2_fundo,414.66644971707314,0.03664719905377637,0.03470231658456302,0.03859208152298972
xco2_fundo,414.91163205070893,0.036792528712956456,0.03486240569444276,0.03872265173147015
xco2_fundo,415.1568143843448,0.0369223976965242,0.035005438377148236,0.03883935701590017
xco2_fundo,415.40199671798064,0.03703903358581066,0.035133129881402304,0.03894493729021902
xco2_fundo,415.64717905161643,0.037144663962146905,0.03524728188176496,0.03904204604252885
xco2_fundo,415.8923613852523,0.03724151640686405,0.03534979239988721,0.03913324041384089
xco2_fundo,416.13754371888814,0.037331818501293156,0.03544265872137795,0.03922097828120836
xco2_fundo,416.38272605252394,0.03741779782676529,0.0355279724240136,0.03930762322951698
xco2_fundo,416.6279083861598,0.03750168196461157,0.03560790611107919,0.03939545781814396
xco2_fundo,416.87309071979564,0.0375856984961631,0.03568469200698717,0.03948670498533902
xco2_fundo,417.1182730534315,0.037672075002750896,0.03576059311205839,0.0395835568934434
xco2_fundo,417.3634553870673,0.037763039065706064,0.03583786804155913,0.039688210089852995
xco2_fundo,417.60863772070314,0.037860818266359716,0.03591873095490576,0.03980290557781367
xco2_fundo,417.853820054339,0.03796764018604293,0.03600530814333145,0.039929972228754405
xco2_fundo,418.0990023879748,0.03808573240608673,0.036099592972416925,0.04007187183975654
xco2_fundo,418.34418472161065,0.038217320853673964,0.03620339968698175,0.040231242020366174
xco2_fundo,418.5893670552465,0.03836218764671824,0.03631627826693362,0.04040809702650286
xco2_fundo,418.8345493888823,0.038512771278872836,0.036431510166512665,0.040594032391233006
xco2_fundo,419.07973172251815,0.038660136516641734,0.03654132531836038,0.04077894771492309
xco2_fundo,419.324914056154,0.0387953481265288,0.03663814026434384,0.040952555988713765
xco2_fundo,419.5700963897898,0.03890947087503794,0.03671458940594094,0.04110435234413494
xco2_fundo,419.81527872342565,0.038993569528673125,0.03676352215030634,0.04122361690703991
xco2_fundo,420.0604610570615,0.039038708853938224,0.03677797492886479,0.04129944277901166
xco2_fundo,420.3056433906973,0.0390359536173372,0.03675112572697747,0.041320781507696934
xco2_fundo,420.55082572433315,0.03897636858537391,0.03667623617662785,0.041276500994119975
xco2_fundo,420.796008057969,0.038851018524552326,0.036546582827375475,0.04115545422172918
xco2_fundo,421.0411903916048,0.03865096820137638,0.03635537502173037,0.040946561381022394
xco2_fundo,421.28637272524065,0.0383672823823499,0.036095651450460904,0.04063891331423889
xco2_fundo,421.5315550588765,0.037991025833976844,0.035760139791911685,0.040221911876042
xco2_fundo,421.77673739251236,0.03751326332276113,0.035341051528916215,0.03968547511660604
xco2_fundo,422.02191972614816,0.036925059615206826,0.034829762920286736,0.039020356310126916
xco2_fundo,422.267102059784,0.03621747947781757,0.03421629647286521,0.03821866248276992
xco2_fundo,422.51228439341986,0.0353815876770974,0.0334884576167834,0.037274717737411395
xco2_fundo,422.75746672705566,0.03440844897955049,0.032630406388969996,0.036186491570130985
xco2_fundo,423.0026490606915,0.03328912815168029,0.031620450676142615,0.03495780562721796
dpv,0.5731432102203372,0.07044974731156067,0.06616891589904607,0.07473057872407528
dpv,0.5992358297569585,0.05446403394834314,0.050128042583895534,0.05880002531279075
dpv,0.62532844929358,0.039688373451323686,0.03530043769023418,0.04407630921241319
dpv,0.6514210688302013,0.02606686994987244,0.021631706548483422,0.03050203335126146
dpv,0.6775136883668228,0.013543627573359304,0.009066949491709747,0.01802030565500886
dpv,0.7036063079034441,0.002062750451154354,-0.00244914078361695,0.006574641685925657
dpv,0.7296989274400656,-0.008431657287372532,-0.012972197340818564,-0.003891117233926501
dpv,0.7557915469766869,-0.017995491512851267,-0.022558111229907557,-0.013432871795794978
dpv,0.7818841665133083,-0.026684648095911898,-0.03126297577927122,-0.022106320412552574
dpv,0.8079767860499297,-0.03455502290718452,-0.039143040838276896,-0.029967004976092143
dpv,0.8340694055865511,-0.04166251181729902,-0.046254675056719145,-0.037070348577878894
dpv,0.8601620251231725,-0.04806301069688551,-0.052654334591869106,-0.043471686801901915
dpv,0.8862546446597939,-0.05381241541657393,-0.05839853695818792,-0.04922629387495994
dpv,0.9123472641964152,-0.058966621846994305,-0.06354383903986649,-0.05438940465412213
dpv,0.9384398837330366,-0.06358152585877669,-0.06814681855780483,-0.059016233159748556
dpv,0.964532503269658,-0.06771302332255105,-0.0722640585172985,-0.0631619881278036
dpv,0.9906251228062795,-0.07141701010894748,-0.07595213436167458,-0.06688188585622037
dpv,1.0167177423429008,-0.07474938208859587,-0.07926760372231767,-0.07023116045487407
dpv,1.0428103618795221,-0.07776603513212632,-0.08226699878812432,-0.07326507147612832
dpv,1.0689029814161435,-0.08052286511016882,-0.08500682141748703,-0.07603890880285061
dpv,1.0949956009527648,-0.08307576789335336,-0.08754354118267202,-0.0786079946040347
dpv,1.1210882204893864,-0.08548063935231001,-0.08993359656882127,-0.08102768213579875
dpv,1.1471808400260077,-0.08779337535766873,-0.09223339954694254,-0.08335335116839493
dpv,1.173273459562629,-0.09006713598607803,-0.0944965738816145,-0.08563769809054156
dpv,1.1993660790992506,-0.09232220806593851,-0.09674345925290387,-0.08790095687897315
dpv,1.225458698635872,-0.09455715066790474,-0.09897241874207933,-0.09014188259373014
dpv,1.2515513181724933,-0.09677013667532547,-0.10118144825936135,-0.09235882509128959
dpv,1.2776439377091147,-0.09895933897154945,-0.10336856304778917,-0.09455011489530972
dpv,1.303736557245736,-0.10112293043992533,-0.10553179332981727,-0.0967140675500334
dpv,1.3298291767823573,-0.10325908396380183,-0.10766918020534698,-0.09884898772225668
dpv,1.3559217963189787,-0.1053659724265277,-0.10977877185219816,-0.10095317300085725
dpv,1.3820144158556003,-0.10744176871145163,-0.11185862006890858,-0.10302491735399467
dpv,1.4081070353922216,-0.10948464570192235,-0.1139067771898826,-0.1050625142139621
dpv,1.434199654928843,-0.1114927762812885,-0.11592129339408641,-0.10706425916849058
dpv,1.4602922744654645,-0.11346433333289892,-0.1179002144205584,-0.10902845224523944
dpv,1.4863848940020858,-0.1153974897401022,-0.1198415796968704,-0.11095339978333399
dpv,1.5124775135387072,-0.11729041838624713,-0.12174342088032335,-0.1128374158921709
dpv,1.5385701330753285,-0.11914129215468232,-0.12360376080610562,-0.11467882350325902
dpv,1.5646627526119499,-0.12094828392875662,-0.12542061283196795,-0.11647595502554528
dpv,1.5907553721485712,-0.12270956659181863,-0.12719198056525305,-0.11822715261838422
dpv,1.6168479916851926,-0.12442331302721711,-0.12891585795547236,-0.11993076809896185
dpv,1.642940611221814,-0.1260876961183008,-0.13059022973412024,-0.12158516250248137
dpv,1.6690332307584357,-0.1277008887484184,-0.13221307218313477,-0.12318870531370202
dpv,1.695125850295057,-0.12926106380091854,-0.13378235421438978,-0.1247397733874473
dpv,1.7212184698316784,-0.13076639415915,-0.13529603874484558,-0.12623674957345443
dpv,1.7473110893682997,-0.13221505270646153,-0.13675208435548974,-0.1276780210574333
dpv,1.773403708904921,-0.13360521232620176,-0.1381484472269345,-0.12906197742546902
dpv,1.7994963284415424,-0.13493504590171945,-0.13948308335046578,-0.13038700845297313
dpv,1.8255889479781637,-0.13620272631636327,-0.14075395102042887,-0.13165150161229766
dpv,1.851681567514785,-0.13740642645348197,-0.14195901362205698,-0.13285383928490696
dpv,1.8777741870514064,-0.13854438509405637,-0.14309631464404482,-0.1339924555440679
dpv,1.9038668065880278,-0.13961680492328304,-0.1441660517009371,-0.13506755814562899
dpv,1.9299594261246495,-0.14062613948334732,-0.14517088930397648,-0.13608138966271816
dpv,1.9560520456612709,-0.14157496593943025,-0.1461136344495766,-0.13703629742928392
dpv,1.9821446651978922,-0.14246586145671264,-0.14699709858483365,-0.13793462432859163
dpv,2.0082372847345136,-0.14330140320037554,-0.14782409478327768,-0.1387787116174734
dpv,2.034329904271135,-0.14408416833559978,-0.14859743520865476,-0.1395709014625448
dpv,2.0604225238077563,-0.14481673402756634,-0.14931992885463558,-0.1403135392004971
dpv,2.0865151433443776,-0.1455016774414561,-0.1499943795570975,-0.1410089753258147
dpv,2.112607762880999,-0.14614157574245004,-0.1506235842831748,-0.1416595672017253
dpv,2.1387003824176203,-0.1467390060957291,-0.15121033170755865,-0.14226768048389954
dpv,2.1647930019542416,-0.14729654566647413,-0.1517574010915024,-0.14283569024144585
dpv,2.1908856214908634,-0.14781677161986617,-0.15226756148358103,-0.1433659817561513
dpv,2.2169782410274848,-0.1483022611210861,-0.15274357126341925,-0.14386095097875296
dpv,2.243070860564106,-0.1487555913353148,-0.15318817805030763,-0.14432300462032197
dpv,2.2691634801007274,-0.14917933942773326,-0.15360411899787557,-0.14475455985759095
dpv,2.295256099637349,-0.1495760825635224,-0.15399412149382086,-0.14515804363322393
dpv,2.32134871917397,-0.14994839790786313,-0.15436090428019367,-0.1455358915355326
dpv,2.3474413387105915,-0.1502988626259364,-0.1547071790050012,-0.1458905462468716
dpv,2.373533958247213,-0.1506300538829231,-0.15503565221007473,-0.1462244555557715
dpv,2.399626577783834,-0.1509445488440042,-0.15534902775335666,-0.14654006993465177
dpv,2.4257191973204555,-0.15124492467436065,-0.1556500096561326,-0.1468398396925887
dpv,2.4518118168570773,-0.15153375853917336,-0.15594130535733347,-0.14712621172101326
dpv,2.4779044363936986,-0.15181362760362316,-0.156225629347881,-0.1474016258593653
dpv,2.50399705593032,-0.15208710903289113,-0.15650570714810175,-0.14766851091768052
dpv,2.5300896754669413,-0.1523567799921581,-0.1567842795803753,-0.1479292804039409
dpv,2.5561822950035626,-0.15262521764660505,-0.15706410727726214,-0.14818632801594797
dpv,2.582274914540184,-0.15289499294256695,-0.15734796771353007,-0.14844201817160382
dpv,2.6083675340768053,-0.1531678257806393,-0.15763762013653032,-0.1486980314247483
dpv,2.6344601536134267,-0.15344372734436898,-0.157932739919438,-0.14895471476929997
dpv,2.660552773150048,-0.15372250446928926,-0.15823275147117455,-0.14921225746740396
dpv,2.6866453926866694,-0.1540039639909333,-0.15853707168530778,-0.14947085629655882
dpv,2.7127380122232907,-0.15428791274483436,-0.15884510430321527,-0.14973072118645345
dpv,2.738830631759912,-0.15457415756652565,-0.15915623577621552,-0.14999207935683578
dpv,2.764923251296534,-0.15486250529154036,-0.15946983255632843,-0.15025517802675228
dpv,2.791015870833155,-0.1551527627554117,-0.15978523971841174,-0.15052028579241167
dpv,2.8171084903697765,-0.15544473679367293,-0.16010178080061221,-0.15078769278673365
dpv,2.843201109906398,-0.1557382342418573,-0.16041875874479325,-0.15105770973892133
dpv,2.869293729443019,-0.1560330619354979,-0.16073545782310936,-0.15133066604788645
dpv,2.8953863489796405,-0.156329026710128,-0.16105114645033392,-0.15160690696992207
dpv,2.921478968516262,-0.15662593540128086,-0.161365080803042,-0.15188678999951974
dpv,2.947571588052883,-0.15692359484448962,-0.16167650919557142,-0.15217068049340782
dpv,2.9736642075895046,-0.15722181187528753,-0.16198467719838147,-0.15245894655219358
dpv,2.999756827126126,-0.15752039332920784,-0.16228883352700008,-0.1527519531314156
dpv,3.0258494466627477,-0.15781914604178374,-0.16258823677979561,-0.15305005530377186
dpv,3.051942066199369,-0.1581178768485484,-0.1628821631616737,-0.15335359053542308
dpv,3.0780346857359904,-0.15841639258503507,-0.16316991540071593,-0.1536628697693542
dpv,3.1041273052726117,-0.15871450008677698,-0.16345083314899667,-0.1539781670245573
dpv,3.130219924809233,-0.15901200618930733,-0.16372430526171228,-0.15429970711690238
dpv,3.1563125443458544,-0.1593087177281593,-0.16398978447583767,-0.15462765098048092
