ano,pm_fao56,pm_co2_300,dif_pct
2015,4.71783626579435,4.744759558352035,0.5706703463383533
2016,4.670405740019427,4.697599031424633,0.5822468735894759
2017,4.743444285174249,4.770124920695031,0.5624738885238623
2018,4.49261676640569,4.515948034794845,0.5193246965469855
2019,4.623887544919903,4.649977168783227,0.5642356915013691
2020,4.512525824086282,4.536036654453274,0.5210126497559253
2021,4.412620035494964,4.434887303997941,0.5046269183355934
2022,4.528998954054392,4.551590579778439,0.4988216149580449
2023,4.719657460676529,4.74647914246822,0.5682972125660823
2024,4.752176540609193,4.779497596949696,0.5749166956874108
2025,4.7771299525720705,4.804315015927941,0.5690668586738612
