cenario,horizonte,etp,aumento_etp_media,aumento_etp_ep,aumento_area_media_mil_km2,aumento_area_ep_mil_km2
RCP2.6,2021-2040,classica,9.918,0.069,11.866,2.158
RCP2.6,2021-2040,co2,8.155,0.046,10.395,1.767
RCP2.6,2041-2060,classica,25.584,0.178,23.356,2.972
RCP2.6,2041-2060,co2,22.576,0.139,21.067,2.599
RCP2.6,2081-2100,classica,33.059,0.224,32.318,4.016
RCP2.6,2081-2100,co2,31.715,0.205,30.851,3.746
RCP4.5,2021-2040,classica,13.892,0.096,17.837,2.69
RCP4.5,2021-2040,co2,11.373,0.063,15.815,2.428
RCP4.5,2041-2060,classica,35.873,0.249,32.855,4.016
RCP4.5,2041-2060,co2,28.331,0.163,29.381,3.486
RCP4.5,2081-2100,classica,59.74,0.404,60.344,7.018
RCP4.5,2081-2100,co2,47.553,0.267,53.462,6.445
RCP8.5,2021-2040,classica,15.473,0.101,8.239,1.697
RCP8.5,2021-2040,co2,11.338,0.063,6.983,1.174
RCP8.5,2041-2060,classica,52.5,0.352,23.276,3.404
RCP8.5,2041-2060,co2,39.075,0.221,16.545,2.491
RCP8.5,2081-2100,classica,149.195,0.986,86.642,7.847
RCP8.5,2081-2100,co2,107.383,0.634,69.306,7.575
