cenario,horizonte,etp,aumento_area_mil_km2,ep_bootstrap
RCP2.6,2021-2040,classica,6.87,3.2
RCP2.6,2021-2040,co2,9.94,3.19
RCP2.6,2041-2060,classica,16.79,4.96
RCP2.6,2041-2060,co2,16.84,4.9
RCP2.6,2081-2100,classica,23.71,5.32
RCP2.6,2081-2100,co2,25.99,5.26
RCP4.5,2021-2040,classica,10.71,3.76
RCP4.5,2021-2040,co2,13.76,3.73
RCP4.5,2041-2060,classica,24.47,6.08
RCP4.5,2041-2060,co2,25.22,5.77
RCP4.5,2081-2100,classica,37.5,7.49
RCP4.5,2081-2100,co2,38.25,7.22
RCP8.5,2021-2040,classica,6.87,3.2
RCP8.5,2021-2040,co2,6.11,2.98
RCP8.5,2041-2060,classica,16.02,5.28
RCP8.5,2041-2060,co2,12.99,4.73
RCP8.5,2081-2100,classica,62.01,9.48
RCP8.5,2081-2100,co2,46.7,9.0
