cenario,horizonte,co2,etp_classica,etp_co2,aumento_classica,aumento_co2,efeito_T,efeito_CO2,interacao,compensacao_pct,diferenca
Referencia,2015-2025,411.79,1701.22,1689.55,,,,,,,11.66
RCP2.6,2021-2040,429.2,1711.14,1697.71,9.92,8.15,9.95,-1.8,0.0,17.77,13.43
RCP2.6,2041-2060,441.9,1726.8,1712.13,25.58,22.58,25.66,-3.11,0.02,11.76,14.67
RCP2.6,2081-2100,425.9,1734.28,1721.27,33.06,31.72,33.16,-1.46,0.01,4.06,13.01
RCP4.5,2021-2040,436.7,1715.11,1700.93,13.89,11.37,13.93,-2.57,0.01,18.13,14.18
RCP4.5,2041-2060,486.9,1737.09,1717.89,35.87,28.33,35.98,-7.72,0.07,21.02,19.21
RCP4.5,2081-2100,534.4,1760.96,1737.11,59.74,47.55,59.92,-12.56,0.19,20.4,23.85
RCP8.5,2021-2040,452.5,1716.69,1700.89,15.47,11.34,15.52,-4.2,0.02,26.72,15.8
RCP8.5,2041-2060,546.3,1753.72,1728.63,52.5,39.08,52.66,-13.77,0.18,25.57,25.09
RCP8.5,2081-2100,850.4,1850.41,1796.94,149.2,107.38,149.67,-43.87,1.58,28.03,53.48
